epoch,accuracy,loss,val_accuracy,val_loss
0,0.22448979318141937,3.3313090801239014,0.20000000298023224,1.934842586517334
1,0.3265306055545807,2.9007952213287354,0.20000000298023224,2.077040910720825
