epoch,accuracy,loss,val_accuracy,val_loss
0,0.22448979318141937,2.938065767288208,0.20000000298023224,1.8003824949264526
1,0.3163265287876129,3.4075679779052734,0.20000000298023224,1.8170361518859863
