epoch,accuracy,loss,val_accuracy,val_loss
0,0.2142857164144516,3.032743453979492,0.03999999910593033,1.874325156211853
1,0.2551020383834839,2.621399164199829,0.03999999910593033,1.8353866338729858
